{"time": [0, 1, 2, 3, 4, 5, 6, 7, 8, 9, 10, 11, 12, 13, 14, 15, 16, 17, 18, 19, 20, 21, 22, 23, 24, 25, 26, 27, 28, 29, 30, 31, 32, 33, 34, 35, 36, 37, 38, 39, 40, 41, 42, 43, 44, 45, 46, 47, 48, 49], "traditional_allocation": [[0.45, 0.27, 0.27999999999999997], [0.47, 0.29000000000000004, 0.23999999999999996], [0.52, 0.26, 0.21999999999999997], [0.54, 0.28, 0.17999999999999997], [0.56, 0.3, 0.13999999999999999], [0.58, 0.31999999999999995, 0.09999999999999998], [0.5800000000000001, 0.32, 0.10000000000000002], [0.6176470588235293, 0.28431372549019607, 0.0980392156862745], [0.6119683853970643, 0.2920587128340233, 0.09597290176891231], [0.6464363946428309, 0.25590993957748337, 0.09765366577968569], [0.6393617675466112, 0.2647008297715815, 0.09593740268180731], [0.6731637004924372, 0.22918601888811702, 0.09765028061944576], [0.7073545253483366, 0.1948315875792528, 0.0978138870724104], [0.6979123175083727, 0.20613553079859467, 0.09595215169303253], [0.7303489956498393, 0.17199931730709175, 0.09765168704306883], [0.7632907354176006, 0.13889524294942893, 0.09781402163297033], [0.7929465478113074, 0.10793513371227909, 0.09911831847641342], [0.8, 0.1, 0.1], [0.8, 0.1, 0.1], [0.7843137254901961, 0.11764705882352942, 0.09803921568627451], [0.8, 0.1, 0.1], [0.8, 0.1, 0.1], [0.8, 0.1, 0.1], [0.7843137254901961, 0.11764705882352942, 0.09803921568627451], [0.8, 0.1, 0.1], [0.8, 0.1, 0.1], [0.7549019607843137, 0.1470588235294118, 0.09803921568627451], [0.7865818392134182, 0.11509543088490459, 0.09832272990167727], [0.7852647381488539, 0.11490270800854555, 0.09983255384260062], [0.7851332705996454, 0.11488347121274226, 0.09998325818761221], [0.8, 0.1, 0.1], [0.8, 0.1, 0.1], [0.7843137254901961, 0.11764705882352942, 0.09803921568627451], [0.8, 0.1, 0.1], [0.8, 0.1, 0.1], [0.7843137254901961, 0.11764705882352942, 0.09803921568627451], [0.8, 0.1, 0.1], [0.8, 0.1, 0.1], [0.8, 0.1, 0.1], [0.76, 0.12000000000000001, 0.12000000000000001], [0.76, 0.12000000000000001, 0.12000000000000001], [0.8, 0.1, 0.1], [0.8, 0.1, 0.1], [0.8, 0.1, 0.1], [0.8, 0.1, 0.1], [0.8, 0.1, 0.1], [0.8, 0.1, 0.1], [0.7843137254901961, 0.11764705882352942, 0.09803921568627451], [0.8, 0.1, 0.1], [0.8, 0.1, 0.1]], "ai_allocation": [[0.378, 0.45, 0.17200000000000004], [0.4126738794435858, 0.5100463678516228, 0.07727975270479134], [0.4609721613953577, 0.46202896205038363, 0.07699887655425863], [0.4441840621876635, 0.48382175558163626, 0.0719941822307002], [0.44730930524263385, 0.4803320992187379, 0.07235859553862829], [0.4496892632461671, 0.4779330563534799, 0.07237768040035299], [0.4386494464884136, 0.46893863403657166, 0.09241191947501476], [0.5053912161736296, 0.4159669645677986, 0.0786418192585717], [0.49397402486629577, 0.4333176425696793, 0.07270833256402488], [0.5405239129686421, 0.38203424912454104, 0.07744183790681683], [0.5548921547352546, 0.3711738712571193, 0.07393397400762615], [0.6278441553727013, 0.2931710223929151, 0.0789848222343835], [0.6704822569321143, 0.2457074609513714, 0.08381028211651428], [0.6320575841424514, 0.2889352178397421, 0.07900719801780642], [0.6728709756395095, 0.24302015240555183, 0.08410887195493869], [0.6999001708905603, 0.21261230774811965, 0.08748752136132004], [0.7190285371003725, 0.19109289576208083, 0.08987856713754656], [0.7332097964410582, 0.17513897900380954, 0.09165122455513228], [0.7047595182592309, 0.20714554195836526, 0.08809493978240386], [0.6519194118762014, 0.2665906616392733, 0.08148992648452517], [0.6857589609673831, 0.22852116891169405, 0.08571987012092289], [0.6731053858574051, 0.2427564409104192, 0.08413817323217564], [0.6651388201209256, 0.2517188273639587, 0.0831423525151157], [0.6290698720394461, 0.29229639395562307, 0.07863373400493076], [0.6709741001110296, 0.24515413737509148, 0.0838717625138787], [0.6962014269279986, 0.21578034000592847, 0.08801823306607287], [0.6146577905579925, 0.2952540089856418, 0.09008820045636555], [0.6501903872981211, 0.2613071295519645, 0.08850248314991445], [0.6614324486345531, 0.24106150380990682, 0.0975060475555401], [0.6728058008454783, 0.22841195738129846, 0.0987822417732233], [0.6709397314617155, 0.24239917590215743, 0.08666109263612695], [0.652306534117373, 0.2612883520791215, 0.08640511380350538], [0.6066603763152435, 0.311613227858727, 0.08172639582602931], [0.6383881464444313, 0.27375951328051784, 0.08785234027505066], [0.6403485703027858, 0.26154591035361435, 0.09810551934359969], [0.6026502983223473, 0.31483426688019656, 0.082515434797456], [0.6353055860530907, 0.2767811331348801, 0.08791328081202904], [0.667179972391921, 0.24448757188266562, 0.08833245572541344], [0.6955929560536379, 0.21604186946916928, 0.08836517447719267], [0.740672822639313, 0.16447523169417824, 0.09485194566650862], [0.745805351197076, 0.15540986259070955, 0.09878478621221433], [0.7579993596385804, 0.147250720406597, 0.09474991995482256], [0.7639049412058638, 0.14060694114340322, 0.09548811765073298], [0.7733748131135496, 0.12811047778859433, 0.09851470909785591], [0.7781264925154283, 0.12460769592014323, 0.09726581156442854], [0.7959306636448689, 0.10457800339952258, 0.09949133295560861], [0.7766274635161988, 0.12629410354427617, 0.09707843293952485], [0.6979011734653833, 0.21486117985144368, 0.08723764668317291], [0.7175781294193064, 0.19272460440328015, 0.0896972661774133], [0.7321149325056768, 0.1763707009311134, 0.0915143665632096]], "slice_utilization": [[1.0817073170731706, 1.317741935483871, 1.317741935483871], [1.4993690349946975, 2.0, 1.9569021134593996], [1.6648387973201517, 2.0, 2.0], [1.8214248939731628, 2.0, 2.0], [1.910451971235759, 2.0, 2.0], [1.8462710363898776, 2.0, 2.0], [1.533559138517942, 1.8311816778683825, 2.0], [1.5373542135765093, 2.0, 2.0], [1.6441235821183644, 2.0, 2.0], [1.633226136061372, 2.0, 2.0], [1.6902713469998347, 2.0, 2.0], [1.6451820326612605, 2.0, 2.0], [1.5907608249797605, 2.0, 2.0], [1.5962267882359693, 2.0, 2.0], [1.5411400486578573, 2.0, 2.0], [1.478808578140381, 2.0, 2.0], [1.4231184089618336, 2.0, 2.0], [1.36980676051217, 2.0, 2.0], [1.3292351027288891, 2.0, 2.0], [1.3908349422805926, 2.0, 2.0], [1.3512689819365775, 2.0, 2.0], [1.3162586577259745, 2.0, 2.0], [1.200033141921523, 2.0, 2.0], [1.3003935697154363, 2.0, 2.0], [1.2879600211409683, 2.0, 2.0], [1.1980702925320543, 2.0, 2.0], [1.1594204779936792, 2.0, 2.0], [1.1080799539323847, 2.0, 2.0], [1.0061576340345937, 2.0, 2.0], [0.9584641941037351, 2.0, 2.0], [0.9515647858824414, 2.0, 2.0], [1.0364657204880792, 2.0, 2.0], [1.1858963747120257, 2.0, 2.0], [1.1383166881080509, 2.0, 2.0], [1.0295337166688543, 2.0, 2.0], [1.1810439720385681, 2.0, 2.0], [1.0946422722473375, 2.0, 2.0], [1.1103885380012686, 2.0, 2.0], [1.1476423469712582, 2.0, 2.0], [0.8403866799169177, 1.6727272727272726, 1.6727272727272726], [0.8428044931167669, 2.0, 2.0], [0.9064705229870802, 2.0, 2.0], [1.0048997364613266, 2.0, 2.0], [0.9215997080924567, 2.0, 2.0], [1.0149664614460023, 2.0, 2.0], [0.8818227808421083, 2.0, 2.0], [0.7956141901685873, 2.0, 2.0], [0.9739569221285233, 2.0, 2.0], [1.0594543678301291, 2.0, 2.0], [1.0326259790139474, 2.0, 2.0]], "qos_violations": {"traditional": {"embb": 13, "urllc": 50, "mmtc": 48}, "ai": {"embb": 10, "urllc": 49, "mmtc": 48}}}