{"validation_loss": 0.0021959380246698856, "mae": {"embb": 0.03706138788133969, "urllc": 0.01700939210758304, "mmtc": 0.031070010264173914}, "mean_mae": 0.028380263417698882}