{"loss": [0.004295622929930687, 0.003723413683474064, 0.0036297638434916735, 0.003654874861240387, 0.003570817643776536, 0.003491561859846115, 0.0034614165779203176, 0.0034820775035768747, 0.0034596887417137623, 0.0034649246372282505], "val_loss": [0.002441226039081812, 0.0022826329804956913, 0.0022178145591169596, 0.0023489485029131174, 0.0023038669023662806, 0.0021604509092867374, 0.002352725015953183, 0.002164776436984539, 0.0023961132392287254, 0.0021959380246698856], "lr": [0.0010000000474974513, 0.0010000000474974513, 0.0010000000474974513, 0.0010000000474974513, 0.0010000000474974513, 0.0010000000474974513, 0.0010000000474974513, 0.0010000000474974513, 0.0010000000474974513, 0.0010000000474974513]}