{
  "scenario": "baseline",
  "duration": 50,
  "metrics": {
    "traditional": {
      "latency": [
        0.7670833333333333,
        0.7699918514226947,
        0.7727843938377215,
        0.7754585024344435,
        0.7780120084663384,
        0.7804430337479469,
        0.7827499911002773,
        0.7849315840811595,
        0.982745582983517,
        0.9830220680599504,
        0.9830778714309125,
        0.9829163804573222,
        0.9825414995132398,
        0.9819576372896455,
        0.9811696928583618,
        0.9801830405337193,
        0.979003513572555,
        0.9776373867560262,
        0.9760913578994943,
        0.9743725283394044,
        0.97248838244861,
        0.80225546273754,
        0.8025899033205712,
        0.8028149279167531,
        0.802933498615038,
        0.8029532484179571,
        0.8028849275900127,
        0.8027194713108081,
        0.8024604601295526,
        0.8021116077910889,
        0.801676749092129,
        0.8011598275373122,
        0.940664117384618,
        0.9374505912225126,
        0.9342017476322966,
        0.9309278809828387,
        0.9276392629376193,
        0.9243461150362067,
        0.92105858147871,
        0.9177867021829293,
        0.914540386183171,
        0.9113293854387556,
        0.9081632691191417,
        0.9050513984313142,
        0.9020029020536385,
        0.7876648547182377,
        0.7864253506373142,
        0.7851713428943026,
        0.7839067050042372,
        0.782635201298899
      ],
      "throughput": [
        7.786,
        7.83339296986308,
        7.880399594748928,
        7.92697256245641,
        7.973065979270526,
        8.018635404244916,
        8.063637876175683,
        8.10803193340147,
        5.41377989045612,
        5.454709078627657,
        5.494832958391111,
        5.534111150789219,
        5.572504580033834,
        5.609975471075806,
        5.646487343724657,
        5.682005003910126,
        5.716494532699957,
        5.749923273703063,
        5.782259819494129,
        5.813473997694847,
        5.843536857338085,
        8.64601088317649,
        8.677310924446571,
        8.707536048051988,
        8.73666791749703,
        8.757996202248965,
        8.781512740191468,
        8.803926310209622,
        8.825226288639982,
        8.845402930105738,
        8.864447327797802,
        8.882351376801102,
        6.103273697862546,
        6.116515137329943,
        6.128327675402822,
        6.1387005409776805,
        6.147624365261715,
        6.155091227245631,
        6.161094702317741,
        6.165629913528013,
        6.1686935849486,
        6.170284096520221,
        6.170401539722778,
        6.169047773364093,
        6.1662264787432655,
        9.010425168299296,
        9.010726976185955,
        9.009852173477414,
        9.00780424723939,
        9.004587439430834
      ],
      "resource_utilization": [
        0.60625,
        0.6091528788112369,
        0.6119964493446914,
        0.6147781633760101,
        0.617495619954735,
        0.6201465672703932,
        0.6227289041555195,
        0.62524068122588,
        0.6276801016590582,
        0.6300455216134562,
        0.6323354502906422,
        0.6345485496448455,
        0.6366836337442514,
        0.6387396677895945,
        0.6407157667963609,
        0.6426111939477219,
        0.6444253586260899,
        0.6461578141319533,
        0.6478082550993738,
        0.6493765146182293,
        0.6508625610739658,
        0.6522664947162603,
        0.6535885439686109,
        0.6548290614914476,
        0.6559885200118954,
        0.6568932365064156,
        0.6579056953536853,
        0.658839047397634,
        0.6596941832129264,
        0.660472090447038,
        0.6611738485745661,
        0.6618006235194813,
        0.6623536621613707,
        0.6628342867419037,
        0.6632438891879031,
        0.6635839253674999,
        0.6638559092959129,
        0.6640614073074081,
        0.66420203220996,
        0.6642794374390684,
        0.6642953112270666,
        0.6642513708040998,
        0.6641493566467481,
        0.6639910267900323,
        0.6637781512182543,
        0.6635125063497984,
        0.6631958696306652,
        0.662830014251102,
        0.6624167039992641,
        0.6619576882653612
      ],
      "qoe": [
        1,
        1,
        1,
        1,
        1,
        1,
        1,
        1,
        1,
        1,
        1,
        1,
        1,
        1,
        1,
        1,
        1,
        1,
        1,
        1,
        1,
        1,
        1,
        1,
        1,
        1,
        1,
        1,
        1,
        1,
        1,
        1,
        1,
        1,
        1,
        1,
        1,
        1,
        1,
        1,
        1,
        1,
        1,
        1,
        1,
        1,
        1,
        1,
        1,
        1
      ],
      "time": [
        0,
        1,
        2,
        3,
        4,
        5,
        6,
        7,
        8,
        9,
        10,
        11,
        12,
        13,
        14,
        15,
        16,
        17,
        18,
        19,
        20,
        21,
        22,
        23,
        24,
        25,
        26,
        27,
        28,
        29,
        30,
        31,
        32,
        33,
        34,
        35,
        36,
        37,
        38,
        39,
        40,
        41,
        42,
        43,
        44,
        45,
        46,
        47,
        48,
        49
      ]
    },
    "ai": {
      "latency": [
        0.7847053686323444,
        0.7869793364652724,
        0.7890802931502778,
        0.7910486441812705,
        0.7930570980717035,
        0.7955431066375096,
        0.8187347120883497,
        0.9610365354843531,
        0.9746642154253428,
        0.9741570527112022,
        0.9734294451809336,
        0.9725224042683558,
        0.9713378673558435,
        0.9701140181498378,
        0.9689796661610662,
        0.9676903766268669,
        0.9656013101735701,
        0.9609680228943249,
        0.9371496366333006,
        0.9005418730616583,
        0.8862450929862535,
        0.8687967970564296,
        0.8442754539627362,
        0.8188903280944511,
        0.802949472308482,
        0.8021317936783399,
        0.8011056602692871,
        0.8004596319546768,
        0.8005578697161875,
        0.8737638139232207,
        0.8772639586225085,
        0.9336676878214516,
        0.9331039347324215,
        0.9295905652204983,
        0.92603385193111,
        0.923038728868061,
        0.9211403979215036,
        0.9200033327055821,
        0.9190593797677078,
        0.9179956938965643,
        0.916453348756398,
        0.9120205550890834,
        0.899305865487062,
        0.8687456130565088,
        0.859948983210797,
        0.8546843983796847,
        0.8477677422135428,
        0.8338195086912988,
        0.7681851052492921,
        0.7665016457547312
      ],