{
  "with_ai": {
    "latency": {
      "eMBB": 9.264464818611408,
      "URLLC": 1.6169647598600994,
      "mMTC": 13.583902708329495
    },
    "throughput": {
      "eMBB": 125.29982811105704,
      "URLLC": 36.70515366563564,
      "mMTC": 7.022736013120333
    },
    "resource_utilization": {
      "eMBB": 0.796831900269456,
      "URLLC": 0.6376044209982824,
      "mMTC": 0.40301563084486725
    },
    "client_satisfaction": {
      "eMBB": 0.9854613661608983,
      "URLLC": 0.8659576739682052,
      "mMTC": 0.691486154618739
    }
  },
  "without_ai": {
    "latency": {
      "eMBB": 10.097589845476849,
      "URLLC": 1.7287997020152512,
      "mMTC": 16.9458792388721
    },
    "throughput": {
      "eMBB": 100.93360084209333,
      "URLLC": 24.51553478873458,
      "mMTC": 6.65784560225879
    },
    "resource_utilization": {
      "eMBB": 0.7317062751107402,
      "URLLC": 0.5277291702838327,
      "mMTC": 0.5107089592864756
    },
    "client_satisfaction": {
      "eMBB": 0.8057917025108541,
      "URLLC": 0.7841027924129946,
      "mMTC": 0.5134087268199597
    }
  }
}