{
  "scenario": "dynamic",
  "duration": 60,
  "metrics": {
    "traditional": {
      "latency": [
        0.9993749999999999,
        1.0453747922782457,
        1.0888641846691187,
        1.1285924687634035,
        1.1634058967653356,
        1.192288953728073,
        1.214400439966843,
        1.2291029662908097,
        1.6621061580519338,
        1.6438331501605026,
        1.6155655954443802,
        1.5778373290800463,
        1.5314703915460495,
        1.4775443519918765,
        1.4173558364475278,
        1.3523698787974778,
        1.2841650367447315,
        1.2143744613411493,
        1.1446252672051256,
        1.076478614957225,
        1.0113728851264627,
        0.812596080504697,
        0.773454070487609,
        0.7380313774189917,
        0.7067485371370967,
        0.6798165439376276,
        0.65723529179472,
        0.6388008630063708,
        0.6241213145284267,
        0.6126402679143705,
        0.6052979934097741,
        0.5977670858960675,
        0.6726533012641149,
        0.6698361024139243,
        0.6663703836941095,
        0.6610980398850066,
        0.652995307206931,
        0.6412208843831553,
        0.6251563685694166,
        0.6044373388590591,
        0.5789737979275307,
        0.5489591123114941,
        0.5148670565506692,
        0.4774370472797871,
        0.43764813101904143,
        0.3379176383940117,
        0.30636495037923894,
        0.27658955374152167,
        0.2497199063838756,
        0.22686762213936335,
        0.20908260398921885,
        0.19730989309448924,
        0.19234997419985306,
        0.19482414575024692,
        0.20514636615282622,
        0.22350273386190317,
        0.254099121618908,
        0.2938740679133589,
        0.3429529522613892,
        0.40043041775061494
      ],
      "throughput": [
        6.6369375,
        7.235183932150568,
        7.827864519075467,
        8.28281559005967,
        8.416905816267041,
        8.581011845219479,
        8.780281003018267,
        8.976367909505287,
        7.315137915698904,
        7.629773356563934,
        7.908172323379632,
        8.143664471861847,
        8.330311669189644,
        8.437624688818122,
        8.491293931029965,
        8.634684069586271,
        8.742991437004921,
        8.723874172991328,
        8.580275563647005,
        8.281399818389286,
        7.781714611366737,
        8.245638722731812,
        8.24918323604702,
        8.282860221746631,
        8.333708536267554,
        8.068949817222688,
        7.80154783704967,
        7.554992313556763,
        7.341712003338992,
        7.011357144082906,
        6.550879725140041,
        5.816853152592275,
        2.4967508439146773,
        1.9498585842361027,
        1.5788244745072952,
        1.3050208621242305,
        1.0665918583617393,
        0.8625206163744737,
        0.6909976075293135,
        0.5495750697660596,
        0.43534145919704326,
        0.3451083130284963,
        0.2756014858620463,
        0.22364860102056455,
        0.18635476818491073,
        0.8926811039794798,
        1.0122767775156003,
        1.1090466935057592,
        1.1737990733310446,
        1.12486542832533,
        0.9322358121745655,
        0.8236384325954226,
        0.7958209996616528,
        0.8440343964757052,
        0.9644629720113402,
        1.1562608978511233,
        0.8666358139967661,
        1.0825698224439515,
        1.3768049411605738,
        1.7640131674991009
      ],
      "resource_utilization": [
        0.7462500000000001,
        0.7962380590770473,
        0.8441137342354773,
        0.888426616146027,
        0.9247013276250787,
        0.940204289901938,
        0.9523835354384159,
        0.9608914493742431,
        0.9655061012831412,
        0.9661386130573246,
        0.9628353726131287,
        0.9557750199058561,
        0.9452603397295718,
        0.9317053982237434,
        0.9123146335157067,
        0.8741681764697833,
        0.8331216478634178,
        0.7905531836225924,
        0.7478406487331228,
        0.7063080582452346,
        0.6671747087115637,
        0.6315090461627482,
        0.6001891014560279,
        0.5738710552595662,
        0.5529671638867528,
        0.5376338970041415,
        0.5277707242070373,
        0.523029556246379,
        0.5228344156437457,
        0.5264104978820217,
        0.5313617219245574,
        0.5392855572801218,
        0.5480945990490577,
        0.5566473783983168,
        0.563826583238512,
        0.5685901906619517,
        0.5700194451760183,
        0.5673617016422856,
        0.5600663594773678,
        0.5478123940073043,
        0.5305263306635243,
        0.5083898943040673,
        0.48183698379475476,
        0.45154005428876576,
        0.4183864190127412,
        0.38344539153044355,
        0.3479275619460601,
        0.3131378213323457,
        0.2804240048989749,
        0.25112320571922553,
        0.22650790987953417,
        0.20773411667803243,
        0.1957935334088381,
        0.1914717762483878,
        0.19531427309732496,
        0.20760126033248605,
        0.2283329054347669,
        0.25722518577974063,
        0.29371672658436804,
        0.33698636520164904
      ],
      "qoe": [
        1,
        1,
        1,
        1,
        1,
        1,
        1,
        1,
        1,
        1,
        1,
        1,
        1,
        1,
        1,
        1,
        1,
        1,
        1,
        1,
        1,
        1,
        1,
        1,
        1,
        1,
        1,
        1,
        1,
        1,
        1,
        1,
        0.9613327269013537,
        0.7459868164897588,
        0.6007666496662389,
        0.4942559900827758,
        0.40174398473542194,
        0.32285049172752855,
        0.2568720402841108,
        0.20284254445089742,
        0.1596023434996154,
        0.12587255980917048,
        0.10033157251804417,
        0.08169034251091942,
        0.06876339367207426,
        0.37073076753272144,
        0.4173794944762865,
        0.45458315767955093,
        0.4787308588869476,
        0.45722284640409067,
        0.3781219166369208,
        0.332582640113232,
        0.3193614676273566,
        0.33660804773972436,
        0.38283556088788573,
        0.4577339170816242,
        0.3389244607434641,
        0.4220332643374951,
        0.5359511087611233,
        0.6865720512349507
      ],
      "time": [
        0,
        1,
        2,
        3,
        4,
        5,
        6,
        7,
        8,
        9,
        10,
        11,
        12,
        13,
        14,
        15,
        16,
        17,
        18,
        19,
        20,
        21,
        22,
        23,
        24,
        25,
        26,
        27,
        28,
        29,
        30,
        31,
        32,
        33,
        34,
        35,
        36,
        37,
        38,
        39,
        40,
        41,
        42,
        43,
        44,
        45,
        46,
        47,
        48,
        49,
        50,
        51,
        52,
        53,
        54,
        55,
        56,
        57,
        58,
        59
      ]
    },