{
  "scenario": "dynamic",
  "duration": 50,
  "metrics": {
    "traditional": {
      "latency": [
        0.9993749999999999,
        1.0453747922782457,
        1.0888641846691187,
        1.1285924687634035,
        1.1634058967653356,
        1.192288953728073,
        1.214400439966843,
        1.2291029662908097,
        1.6621061580519338,
        1.6438331501605026,
        1.6155655954443802,
        1.5778373290800463,
        1.5314703915460495,
        1.477544351991877,
        1.4173558364475278,
        1.3523698787974778,
        1.2841650367447315,
        1.2143744613411496,
        1.1446252672051256,
        1.076478614957225,
        1.0113728851264627,
        0.812596080504697,
        0.773454070487609,
        0.7380313774189917,
        0.706748537137097,
        0.6840004878527197,
        0.6607029201754722,
        0.6415997469350494,
        0.6263289243018868,
        0.6143595386818727,
        0.6050211403607453,
        0.5975388169745045,
        0.6725568891307381,
        0.6697377354693763,
        0.6662298504651137,
        0.6608787655667773,
        0.6526660613490047,
        0.6407572627518078,
        0.6245419881956689,
        0.6036646968703014,
        0.578044758343726,
        0.5478850000179434,
        0.5136683535344787,
        0.47614270229848077,
        0.43629450951093296,
        0.3368490186530086,
        0.30533756792017763,
        0.2756408190850854,
        0.24888739545882013,
        0.22618757206736756
      ],
      "throughput": [
        6.6369375,
        7.235183932150568,
        7.827864519075467,
        8.28281559005967,
        8.416905816267041,
        8.581011845219479,
        8.780281003018267,
        8.976367909505287,
        7.315137915698904,
        7.629773356563934,
        7.908172323379632,
        8.143664471861847,
        8.330311669189644,
        8.437624688818124,
        8.491293931029965,
        8.634684069586271,
        8.742991437004921,
        8.72387417299133,
        8.580275563647005,
        8.281399818389286,
        7.781714611366737,
        8.245638722731812,
        8.24918323604702,
        8.282860221746631,
        8.333708536267554,
        8.114750306992114,
        7.844989166978961,
        7.594114775448027,
        7.374424838828039,
        7.106357067034681,
        6.529966060581926,
        5.791097855474316,
        2.476938200941478,
        1.934298138291422,
        1.5691240591878097,
        1.29650656124852,
        1.0592439790515247,
        0.8562908210517746,
        0.6858136651738178,
        0.5453463890951896,
        0.4319651612132115,
        0.342475580414706,
        0.2736039173864558,
        0.2221843007939001,
        0.18533391222143403,
        0.896870623623072,
        1.0159455548428442,
        1.1117462004660823,
        1.1753805823022763,
        1.1170830557226255
      ],
      "resource_utilization": [
        0.7462500000000001,
        0.7962380590770473,
        0.8441137342354773,
        0.888426616146027,
        0.9247013276250787,
        0.940204289901938,
        0.9523835354384159,
        0.9608914493742431,
        0.9655061012831412,
        0.9661386130573246,
        0.9628353726131287,
        0.9557750199058561,
        0.9452603397295718,
        0.9317053982237434,
        0.9123146335157067,
        0.8741681764697833,
        0.8331216478634178,
        0.7905531836225927,
        0.7478406487331228,
        0.7063080582452346,
        0.6671747087115637,
        0.6315090461627482,
        0.6001891014560279,
        0.5738710552595662,
        0.5529671638867528,
        0.539803717386416,
        0.529046539766575,
        0.5234858604005745,
        0.5225819054942886,
        0.525590625873373,
        0.5315996677728037,
        0.5395712461391027,
        0.5483901444885457,
        0.5569148585002797,
        0.5640297737700251,
        0.5686962266018005,
        0.57000034204089,
        0.5671956737283275,
        0.5597388803439676,
        0.5473169549521368,
        0.5298648651522262,
        0.5075728498332391,
        0.48088303693993234,
        0.45047547914553454,
        0.41724413329782156,
        0.38226371770469614,
        0.3467487523259007,
        0.31200640580266636,
        0.2793850271405251,
        0.2502204185218143
      ],
      "qoe": [
        1,
        1,
        1,
        1,
        1,
        1,
        1,
        1,
        1,
        1,
        1,
        1,
        1,
        1,
        1,
        1,
        1,
        1,
        1,
        1,
        1,
        1,
        1,
        1,
        1,
        1,
        1,
        1,
        1,
        1,
        1,
        1,
        0.9535252569839338,
        0.7398723922258398,
        0.5969896006665973,
        0.490947862809915,
        0.3988978758281755,
        0.32044785171366574,
        0.25488453371401676,
        0.20123423306262647,
        0.15833209652783467,
        0.12489658711047111,
        0.09960597197621837,
        0.0811735533716762,
        0.0684184520246402,
        0.3723726591647351,
        0.4188015772588546,
        0.4556081562017072,
        0.47930152242542196,
        0.4540430762253842
      ],
      "time": [
        0,
        1,
        2,
        3,
        4,
        5,
        6,
        7,
        8,
        9,
        10,
        11,
        12,
        13,
        14,
        15,
        16,
        17,
        18,
        19,
        20,
        21,
        22,
        23,
        24,
        25,
        26,
        27,
        28,
        29,
        30,
        31,
        32,
        33,
        34,
        35,
        36,
        37,
        38,
        39,
        40,
        41,
        42,
        43,
        44,
        45,
        46,
        47,
        48,
        49
      ]
    },
    "ai": {
      "latency": [
        1.057267707661478,
        1.3741324673779232,
        2.139784194410795,
        2.3448498790024983,
        2.4031529543449883,
        2.4311773457730035,
        2.435909742868502,
        2.42777444676467,
        2.4079851033950144,
        2.374369094081503,
        2.318945725711477,
        2.224170798525291,
        2.076750462575936,
        1.8923006422931277,
        1.852032291463104,
        1.8522018928264055,
        1.7308518766039254,
        1.4449121963430474,
        1.1722721099510207,
        1.0419646373160805,
        0.9406780410344959,
        0.8719639502538267,
        0.8088137736985342,
        0.7530443550398191,
        0.6758777125881741,
        0.649774496186589,
        0.6279461859307738,
        0.6126277272282316,
        0.6028824346201674,
        0.5899907497465924,
        0.774415396502038,
        0.8353270454009447,
        0.8190954583225744,
        0.7539382650289621,
        0.6879029769724878,
        0.6237892543156038,
        0.5632582228489029,
        0.5057836014842518,
        0.45127495740421253,
        0.39972304371647227,
        0.3515312288402749,
        0.307132407142542,
        0.26667370594623613,
        0.23104792575640865,
        0.20084458807251254,
        0.1876817200672774,
        0.21618329201009923,
        0.19872208425613636,
        0.17849335391924076,
        0.1730350131571024
      ],