{
  "scenario": "smart_city",
  "duration": 50,
  "metrics": {
    "traditional": {
      "latency": [
        0.8864583333333335,
        0.8913177481717836,
        0.8961178733559283,
        0.9008498263440191,
        0.9055048217826405,
        0.9100741917347976,
        0.9145494056947656,
        0.9189220903403319,
        1.0990816121966065,
        1.1019458805386457,
        1.0421666002872911,
        1.0447398913209565,
        1.047162084154078,
        1.049429728113403,
        1.0515395991294734,
        1.0534887071233916,
        1.0552743029698086,
        1.0568938850179588,
        1.0583452051535083,
        1.059626274384975,
        1.060735367939494,
        0.8402175703387103,
        0.8422099668630771,
        0.8440016172248895,
        0.8455893666646763,
        0.8467547459159188,
        0.8479618730806697,
        0.8489584490939552,
        0.8497429527170322,
        0.8503143008059959,
        0.8506718512919673,
        0.8508154051319317,
        1.0605555249181589,
        1.05942623291243,
        1.058129760316382,
        1.0566685446489228,
        1.0550452952206795,
        1.0532629888029412,
        1.0513248647390292,
        1.0492344195066254,
        1.0469954007408808,
        1.0446118007293794,
        1.0420878493912822,
        1.0394280067541841,
        1.0366369549434067,
        0.8312870854727792,
        0.8284920243636694,
        0.8255376399297001,
        0.8224305754768952,
        0.8191777817274479
      ],
      "throughput": [
        6.94375,
        7.003169683109066,
        7.062182589186438,
        7.120641890945858,
        7.1784032424108375,
        7.235325112488263,
        7.2912691000245715,
        7.346100229965341,
        4.530055508486588,
        4.5979153504197185,
        2.143980294012204,
        2.184650821981788,
        2.224346686161113,
        2.2629176658527688,
        2.3002143053580317,
        2.336088797583184,
        2.3703958776264527,
        2.402993718856078,
        2.433744823895258,
        2.462516902907595,
        2.4891837316278473,
        4.414640034487711,
        4.464505149130596,
        4.509676517669442,
        4.549956504256002,
        4.579657485750724,
        4.610521843392685,
        4.636044093862545,
        4.6561070526076005,
        4.670616802678637,
        4.679503347277823,
        4.682721101401286,
        2.6116561256825275,
        2.604014912419354,
        2.5935080511805655,
        2.580167584096671,
        2.564037701654499,
        2.5451744746857603,
        2.5236455064644963,
        2.499529507910725,
        2.472915799574876,
        2.443903744719486,
        2.4126021184148305,
        2.3791284181178827,
        2.3436081217038858,
        4.164811232332751,
        4.093704422966239,
        4.019285862347713,
        3.9418456235296553,
        3.8616814857764608
      ],
      "resource_utilization": [
        0.8125,
        0.8174086724729334,
        0.8222837747350042,
        0.8271169485540091,
        0.8318999011163934,
        0.8366244235028946,
        0.8412824089969346,
        0.8458658711811042,
        0.850366961777566,
        0.8547779881887998,
        0.7465914306958179,
        0.7507999592717908,
        0.7548964499699413,
        0.7588740008455852,
        0.762725947373317,
        0.7664458773215594,
        0.7700276450480057,
        0.7734653851808933,
        0.7767535256525321,
        0.7798868000530979,
        0.7828602592743474,
        0.7856692824146561,
        0.7883095869185718,
        0.7907772379259668,
        0.7930686568077882,
        0.7948412204335168,
        0.7968014651175251,
        0.7985773367072588,
        0.8001666859383191,
        0.8015677489563862,
        0.8027791507567354,
        0.8037999077090277,
        0.8046294291611369,
        0.8052675181180583,
        0.8057143709941973,
        0.8059705764396417,
        0.8060371132432813,
        0.8059153473179279,
        0.8056070277748413,
        0.8051142820973132,
        0.804439610425183,
        0.803585878964348,
        0.8025563125374866,
        0.801354486294334,
        0.7999843166019146,
        0.7984500511371612,
        0.7967562582063157,
        0.7949078153174083,
        0.7929098970339538,
        0.7907679621397747
      ],
      "qoe": [
        1,
        1,
        1,
        1,
        1,
        1,
        1,
        1,
        1,
        1,
        0.7689195667274398,
        0.7856783491779656,
        0.8020589842092043,
        0.8180003481607623,
        0.8334416266163658,
        0.8483226700927241,
        0.8625843536740403,
        0.8761689375913116,
        0.8890204257078105,
        0.9010849188634749,
        0.9123109600515951,
        1,
        1,
        1,
        1,
        1,
        1,
        1,
        1,
        1,
        1,
        1,
        0.9678846215459045,
        0.9653583505294301,
        0.9616786036755709,
        0.956857643175884,
        0.9509126260685803,
        0.9438654974288001,
        0.935742851496542,
        0.9265757619414963,
        0.9163995827352411,
        0.905253721358285,
        0.8931813863097935,
        0.8802293111091981,
        0.8664474571791067,
        1,
        1,
        1,
        1,
        1
      ],
      "time": [
        0,
        1,
        2,
        3,
        4,
        5,
        6,
        7,
        8,
        9,
        10,
        11,
        12,
        13,
        14,
        15,
        16,
        17,
        18,
        19,
        20,
        21,
        22,
        23,
        24,
        25,
        26,
        27,
        28,
        29,
        30,
        31,
        32,
        33,
        34,
        35,
        36,
        37,
        38,
        39,
        40,
        41,
        42,
        43,
        44,
        45,
        46,
        47,
        48,
        49
      ]
    },
    "ai": {
      "latency": [
        1.279079540591092,
        1.2828922553271358,
        1.285534218259204,
        1.287389474075505,
        1.2888687550281683,
        1.289915456445656,
        1.290857357359844,
        1.2918093598202445,
        1.292498127666352,
        1.2929274002330866,
        1.181452803702057,
        1.1832307144629608,
        1.184779717992426,
        1.1860849877168054,
        1.1871451459351092,
        1.1879452889268414,
        1.1884539100762432,
        1.1886595647733118,
        1.188260565640517,
        1.1874415191266734,
        1.1863135921218122,
        1.1849117606758441,
        1.1831891869759859,
        1.1811294609106886,
        1.181531986461874,
        1.180174589834201,
        1.1779101690967884,
        1.1751674769782647,
        1.1721490238612853,
        1.1687392038455056,
        1.165024656005544,
        1.1610115092199567,
        1.1567019261350948,
        1.152094677953961,
        1.1471282119944197,
        1.141858856204864,
        1.1363238897539754,
        1.130556424784954,
        1.1245476151382876,
        1.1183233195582085,
        1.111900357482817,
        1.1053032452833929,
        1.098503458377631,
        1.091455415313917,
        1.08415438063343,
        1.0766532585024562,
        1.0689978894113892,
        1.0611018292874093,
        1.0555036688361659,
        1.0477315305890302
      ],